{"Version":"4.25.0","FableOptions":{"TypedArrays":true,"ClampByteArrays":false,"Language":["JavaScript"],"Define":["FABLE_COMPILER","FABLE_COMPILER_4","FABLE_COMPILER_JAVASCRIPT"],"DebugMode":true,"OptimizeFSharpAst":false,"Verbosity":["Normal"],"FileExtension":".js","TriggeredByDependency":false,"NoReflection":false},"ProjectPath":"C:/Projektek/projekt/QuizApp/src/QuizApp.fsproj","SourcePaths":["C:/Projektek/projekt/QuizApp/public/fable_modules/Fable.Elmish.4.3.0/prelude.fs","C:/Projektek/projekt/QuizApp/public/fable_modules/Fable.Elmish.4.3.0/cmd.fs","C:/Projektek/projekt/QuizApp/public/fable_modules/Fable.Elmish.4.3.0/cmd.obsolete.fs","C:/Projektek/projekt/QuizApp/public/fable_modules/Fable.Elmish.4.3.0/sub.fs","C:/Projektek/projekt/QuizApp/public/fable_modules/Fable.Elmish.4.3.0/ring.fs","C:/Projektek/projekt/QuizApp/public/fable_modules/Fable.Elmish.4.3.0/program.fs","C:/Projektek/projekt/QuizApp/public/fable_modules/Fable.React.Types.18.3.0/Fable.React.fs","C:/Projektek/projekt/QuizApp/public/fable_modules/Fable.React.Types.18.3.0/Fable.React.Hooks.fs","C:/Projektek/projekt/QuizApp/public/fable_modules/Fable.React.Types.18.3.0/Fable.React.Extensions.fs","C:/Projektek/projekt/QuizApp/public/fable_modules/Fable.ReactDom.Types.18.2.0/Fable.ReactDom.fs","C:/Projektek/projekt/QuizApp/public/fable_modules/Fable.Elmish.React.4.0.0/common.fs","C:/Projektek/projekt/QuizApp/public/fable_modules/Fable.Elmish.React.4.0.0/react.fs","C:/Projektek/projekt/QuizApp/public/fable_modules/Fable.Elmish.React.4.0.0/react-native.fs","C:/Projektek/projekt/QuizApp/public/fable_modules/Fable.React.9.4.0/Fable.React.Props.fs","C:/Projektek/projekt/QuizApp/public/fable_modules/Fable.React.9.4.0/Fable.React.Helpers.fs","C:/Projektek/projekt/QuizApp/public/fable_modules/Fable.React.9.4.0/Fable.React.Standard.fs","C:/Projektek/projekt/QuizApp/public/fable_modules/Fable.React.9.4.0/Fable.React.FunctionComponent.fs","C:/Projektek/projekt/QuizApp/public/fable_modules/Fable.React.9.4.0/Fable.React.ReactiveComponents.fs","C:/Projektek/projekt/QuizApp/public/fable_modules/Fable.React.9.4.0/Fable.React.Isomorphic.fs","C:/Projektek/projekt/QuizApp/public/fable_modules/Fable.React.9.4.0/Fable.ReactServer.fs"],"FSharpOptions":["--nowarn:1701,1702,1701,1702","--define:TRACE","--define:DEBUG","--define:NET","--define:NET7_0","--define:NETCOREAPP","--define:NET5_0_OR_GREATER","--define:NET6_0_OR_GREATER","--define:NET7_0_OR_GREATER","--define:NETCOREAPP1_0_OR_GREATER","--define:NETCOREAPP1_1_OR_GREATER","--define:NETCOREAPP2_0_OR_GREATER","--define:NETCOREAPP2_1_OR_GREATER","--define:NETCOREAPP2_2_OR_GREATER","--define:NETCOREAPP3_0_OR_GREATER","--define:NETCOREAPP3_1_OR_GREATER","--noframework","--nologo","--simpleresolution","--nocopyfsharpcore","--nowin32manifest","--warn:3","--fullpaths","--flaterrors","--optimize-","-r:C:/Users/Peti/.nuget/packages/microsoft.netcore.app.ref/7.0.20/ref/net7.0/System.ValueTuple.dll","-r:C:/Users/Peti/.nuget/packages/microsoft.netcore.app.ref/7.0.20/ref/net7.0/System.Threading.Thread.dll","-r:C:/Users/Peti/.nuget/packages/microsoft.netcore.app.ref/7.0.20/ref/net7.0/System.Threading.Tasks.dll","-r:C:/Users/Peti/.nuget/packages/microsoft.netcore.app.ref/7.0.20/ref/net7.0/System.Threading.dll","-r:C:/Users/Peti/.nuget/packages/microsoft.netcore.app.ref/7.0.20/ref/net7.0/System.Text.RegularExpressions.dll","-r:C:/Users/Peti/.nuget/packages/microsoft.netcore.app.ref/7.0.20/ref/net7.0/System.Text.Encoding.Extensions.dll","-r:C:/Users/Peti/.nuget/packages/microsoft.netcore.app.ref/7.0.20/ref/net7.0/System.Text.Encoding.dll","-r:C:/Users/Peti/.nuget/packages/microsoft.netcore.app.ref/7.0.20/ref/net7.0/System.Runtime.Numerics.dll","-r:C:/Users/Peti/.nuget/packages/microsoft.netcore.app.ref/7.0.20/ref/net7.0/System.Runtime.InteropServices.dll","-r:C:/Users/Peti/.nuget/packages/microsoft.netcore.app.ref/7.0.20/ref/net7.0/System.Runtime.Extensions.dll","-r:C:/Users/Peti/.nuget/packages/microsoft.netcore.app.ref/7.0.20/ref/net7.0/System.Runtime.dll","-r:C:/Users/Peti/.nuget/packages/microsoft.netcore.app.ref/7.0.20/ref/net7.0/System.Reflection.TypeExtensions.dll","-r:C:/Users/Peti/.nuget/packages/microsoft.netcore.app.ref/7.0.20/ref/net7.0/System.Reflection.Primitives.dll","-r:C:/Users/Peti/.nuget/packages/microsoft.netcore.app.ref/7.0.20/ref/net7.0/System.Reflection.Metadata.dll","-r:C:/Users/Peti/.nuget/packages/microsoft.netcore.app.ref/7.0.20/ref/net7.0/System.Reflection.Extensions.dll","-r:C:/Users/Peti/.nuget/packages/microsoft.netcore.app.ref/7.0.20/ref/net7.0/System.Reflection.dll","-r:C:/Users/Peti/.nuget/packages/microsoft.netcore.app.ref/7.0.20/ref/net7.0/System.Numerics.dll","-r:C:/Users/Peti/.nuget/packages/microsoft.netcore.app.ref/7.0.20/ref/net7.0/System.Net.WebClient.dll","-r:C:/Users/Peti/.nuget/packages/microsoft.netcore.app.ref/7.0.20/ref/net7.0/System.Net.Requests.dll","-r:C:/Users/Peti/.nuget/packages/microsoft.netcore.app.ref/7.0.20/ref/net7.0/System.IO.dll","-r:C:/Users/Peti/.nuget/packages/microsoft.netcore.app.ref/7.0.20/ref/net7.0/System.Globalization.dll","-r:C:/Users/Peti/.nuget/packages/microsoft.netcore.app.ref/7.0.20/ref/net7.0/System.dll","-r:C:/Users/Peti/.nuget/packages/microsoft.netcore.app.ref/7.0.20/ref/net7.0/System.Diagnostics.Tracing.dll","-r:C:/Users/Peti/.nuget/packages/microsoft.netcore.app.ref/7.0.20/ref/net7.0/System.Diagnostics.Tools.dll","-r:C:/Users/Peti/.nuget/packages/microsoft.netcore.app.ref/7.0.20/ref/net7.0/System.Diagnostics.Debug.dll","-r:C:/Users/Peti/.nuget/packages/microsoft.netcore.app.ref/7.0.20/ref/net7.0/System.Core.dll","-r:C:/Users/Peti/.nuget/packages/microsoft.netcore.app.ref/7.0.20/ref/net7.0/System.Console.dll","-r:C:/Users/Peti/.nuget/packages/microsoft.netcore.app.ref/7.0.20/ref/net7.0/System.ComponentModel.TypeConverter.dll","-r:C:/Users/Peti/.nuget/packages/microsoft.netcore.app.ref/7.0.20/ref/net7.0/System.ComponentModel.Primitives.dll","-r:C:/Users/Peti/.nuget/packages/microsoft.netcore.app.ref/7.0.20/ref/net7.0/System.ComponentModel.dll","-r:C:/Users/Peti/.nuget/packages/microsoft.netcore.app.ref/7.0.20/ref/net7.0/System.Collections.dll","-r:C:/Users/Peti/.nuget/packages/microsoft.netcore.app.ref/7.0.20/ref/net7.0/System.Collections.Concurrent.dll","-r:C:/Users/Peti/.nuget/packages/microsoft.netcore.app.ref/7.0.20/ref/net7.0/netstandard.dll","-r:C:/Users/Peti/.nuget/packages/microsoft.netcore.app.ref/7.0.20/ref/net7.0/mscorlib.dll","-r:C:/Users/Peti/.nuget/packages/microsoft.netcore.app.ref/7.0.20/ref/net7.0/Microsoft.Win32.Registry.dll","-r:C:/Users/Peti/.nuget/packages/fable.core/4.5.0/lib/netstandard2.0/Fable.Core.dll","-r:C:/Users/Peti/.nuget/packages/fable.browser.webstorage/1.3.0/lib/netstandard2.0/Browser.WebStorage.dll","-r:C:/Users/Peti/.nuget/packages/fable.browser.gamepad/1.3.0/lib/netstandard2.0/Browser.Gamepad.dll","-r:C:/Users/Peti/.nuget/packages/fable.browser.event/1.7.0/lib/netstandard2.0/Browser.Event.dll","-r:C:/Users/Peti/.nuget/packages/fable.browser.dom/2.18.1/lib/netstandard2.0/Browser.Dom.dll","-r:C:/Users/Peti/.nuget/packages/fable.browser.blob/1.4.0/lib/netstandard2.0/Browser.Blob.dll","-r:C:\\Users\\Peti\\.nuget\\packages\\fable\\4.25.0\\tools\\net6.0\\any\\FSharp.Core.dll"],"References":[],"OutDir":["Some","C:/Projektek/projekt/QuizApp/public"],"FableLibDir":"C:/Projektek/projekt/QuizApp/public/fable_modules/fable-library-js.4.25.0","FableModulesDir":"C:/Projektek/projekt/QuizApp/public/fable_modules","OutputType":["Library"],"TargetFramework":["Some","net7.0"],"Exclude":[],"SourceMaps":false,"SourceMapsRoot":null}